market,category,parameter,low,central,high,unit,currency,as_of,source,source_url,source_tier,remarks
UAE,capex,PV installed cost residential 3-10 kWp,1.80,2.30,3.00,per_Wp,AED,2026,Watts & Ergon UAE cost guide 2026,https://wattsergon.com/blog/solar-panel-cost-in-uae-hidden-costs-nobody-tells-you-2026-guide/,installer-marketing,Turnkey incl. DEWA approval and net metering. Installer-published; treat as indicative not audited. Cross-check against 2+ quotes before using in a client deliverable.
UAE,capex,PV installed cost commercial >50 kWp,1.40,1.60,2.00,per_Wp,AED,2026,solar-price.pk UAE market guide,https://solar-price.pk/solar-panel-price-in-uae/,installer-marketing,Scale discount vs residential is real and consistent across sources. Lower bound plausible only for simple flat industrial roofs.
UAE,capex,Roof strengthening (older villas),3000,7000,12000,lump_sum,AED,2026,Watts & Ergon hidden costs guide,https://wattsergon.com/blog/solar-panel-cost-in-uae-hidden-costs-nobody-tells-you-2026-guide/,installer-marketing,Not always required. Trigger is structural survey; ballasted flat-roof systems add 15-25 kg/m2.
UAE,capex,Grid connection fee and bidirectional meter,1500,1500,1500,lump_sum,AED,2026,Watts & Ergon hidden costs guide,https://wattsergon.com/blog/solar-panel-cost-in-uae-hidden-costs-nobody-tells-you-2026-guide/,installer-marketing,DEWA one-time. Confirm current figure against DEWA Shams Dubai tariff schedule before quoting.
UAE,opex,Panel cleaning 4x per year,1500,2250,3000,per_year_residential,AED,2026,Watts & Ergon hidden costs guide,https://wattsergon.com/blog/solar-panel-cost-in-uae-hidden-costs-nobody-tells-you-2026-guide/,installer-marketing,Same source claims 15-25% loss if neglected. Treat that loss figure as an upper bound; see soiling row.
UAE,opex,Inverter replacement year 8-12,4000,7000,10000,per_event_residential,AED,2026,Watts & Ergon hidden costs guide,https://wattsergon.com/blog/solar-panel-cost-in-uae-hidden-costs-nobody-tells-you-2026-guide/,installer-marketing,Model as a single negative cashflow in year 12 unless the inverter warranty says otherwise.
UAE,opex,System insurance,800,1400,2000,per_year_residential,AED,2026,Watts & Ergon hidden costs guide,https://wattsergon.com/blog/solar-panel-cost-in-uae-hidden-costs-nobody-tells-you-2026-guide/,installer-marketing,Often omitted from quotes. Include for commercial; optional for residential.
UAE,tariff,DEWA retail electricity rate,0.38,0.38,0.38,per_kWh,AED,2026,sun2X Dubai cost guide 2026,https://www.sun2x.ae/blog/solar-cost-dubai-2026.html,installer-marketing,Headline flat rate quoted widely. DEWA actually uses a consumption slab structure - replace with the correct slab for the customer before final NPV.
UAE,yield,Peak sun hours Dubai,2200,2200,2200,hours_per_year,-,2026,sun2X Dubai cost guide 2026,https://www.sun2x.ae/blog/solar-cost-dubai-2026.html,installer-marketing,Use only as a sanity check. Real yield must come from PVGIS-SARAH3 hourly for the actual lat/lon.
UAE,carbon,Grid emission factor 2019 baseline,0.55,0.55,0.55,tCO2e_per_MWh,-,2019,UAE Long-Term Strategy via Climate Action Tracker,https://climateactiontracker.org/countries/uae/policies-action/,authoritative,Official baseline stated in the UAE LTS. Use for historic comparison only.
UAE,carbon,Grid emission factor 2030 target,0.27,0.27,0.27,tCO2e_per_MWh,-,2030,UAE Long-Term Strategy via Climate Action Tracker,https://climateactiontracker.org/countries/uae/policies-action/,authoritative,Forward target - 51% below the 2019 baseline. Do NOT use as a present-day factor.
UAE,carbon,Grid emission factor present day (GAP),,,,tCO2e_per_MWh,-,,Not sourced,,gap,"No current published UAE-wide factor found. Interpolating 2019-2030 gives roughly 0.40-0.45 but that is an assumption, not a citation. For Dubai sites use the DEWA Sustainability Report electricity intensity; for Abu Dhabi use ADDC/EWEC. Flag as an input, do not hardcode."
UAE,regulatory,Net metering scheme Dubai,,,,-,-,2026,DEWA Shams Dubai,https://www.sun2x.ae/blog/solar-cost-dubai-2026.html,installer-marketing,Export credited against consumption rather than paid out. This caps the value of oversizing - drives the battery case. Verify current rules directly with DEWA before relying on it.
UAE,tax,VAT on solar equipment,0,0,0,percent,-,2026,sun2X Dubai cost guide 2026,https://www.sun2x.ae/blog/solar-cost-dubai-2026.html,installer-marketing,Reported as VAT-exempt. Confirm with FTA guidance - exemption scope may differ for services vs equipment.
India,capex,PV installed cost residential 3 kWp,51667,55833,60000,per_kWp,INR,2026,Solaire Future PM Surya Ghar cost analysis,https://solairefuture.com/blogs/pm-surya-ghar-2026-what-a-3-kw-rooftop-costs-after-subsidy,market-survey,Derived from a quoted INR 1.55-1.80 lakh for 3 kWp at MNRE benchmark pricing. Per-kWp falls sharply above 3 kWp.
India,capex,MNRE benchmark cost general category first 2 kW,50000,50000,50000,per_kWp,INR,2024,MNRE draft guidelines via pv magazine India,https://www.pv-magazine-india.com/2024/04/17/mnre-releases-draft-guidelines-for-residential-rooftop-solar-subsidy-scheme/,authoritative,Benchmark used to compute subsidy - not a market price. Actual quotes commonly exceed it.
India,capex,MNRE benchmark cost additional kW above 2 kW,45000,45000,45000,per_kWp,INR,2024,MNRE draft guidelines via pv magazine India,https://www.pv-magazine-india.com/2024/04/17/mnre-releases-draft-guidelines-for-residential-rooftop-solar-subsidy-scheme/,authoritative,Special-category states/UTs use 55000 and 49500 respectively.
India,incentive,PM Surya Ghar CFA first 2 kW,30000,30000,30000,per_kWp,INR,2026,PM Surya Ghar scheme rates 2026,https://myrsolar.com/pm-surya-ghar-subsidy,market-survey,Slab structure. Residential grid-connected only - off-grid explicitly excluded.
India,incentive,PM Surya Ghar CFA third kW,18000,18000,18000,per_kWp,INR,2026,PM Surya Ghar scheme rates 2026,https://myrsolar.com/pm-surya-ghar-subsidy,market-survey,Third kW only. Zero additional CFA above 3 kW.
India,incentive,PM Surya Ghar CFA cap per household,78000,78000,78000,lump_sum,INR,2026,PM Surya Ghar scheme rates 2026,https://myrsolar.com/pm-surya-ghar-subsidy,market-survey,Hard cap. A 5 kWp system receives the same as a 3 kWp system - this is the single biggest kink in Indian residential sizing economics.
India,incentive,State top-up (Gujarat example),10000,15000,20000,per_kWp,INR,2026,Qbits Surya Gujarat guide,https://qbitsenergy.com/blog/surya-gujarat-scheme-guide/,installer-marketing,Highly state-specific. Model as a user-entered override rather than a default.
India,incentive,RWA / group housing CFA above 3 kW per household,18000,18000,18000,per_kWp,INR,2026,PM Surya Ghar calculator,https://solarcalculators.in/pm-surya-ghar-yojana/,installer-marketing,Applies to common-facility installations. Society must apply as a single unit.
India,capex,Battery backup add-on 5-10 kWh,70000,95000,120000,lump_sum,INR,2026,Bridgeway Power PM Surya Ghar guide,https://bridgewaypower.in/blog/pm-surya-ghar-yojana-2026-guide,installer-marketing,Roughly INR 12000-24000 per kWh. Not subsidised under PM Surya Ghar - full out-of-pocket.
India,tax,GST on renewable energy devices and parts,5,5,5,percent,-,2025,Ani Online Solar cost breakdown,https://blog.anionline.in/2026/02/rooftop-solar-cost-india-realistic-breakdown.html,market-survey,Reduced from 12% effective 22 September 2025. Source cautions that vendor prices did not fall by the full delta.
India,carbon,Grid emission factor FY 2024-25 (CEA v21.0),0.710,0.710,0.710,tCO2_per_MWh,-,2025,CEA CO2 Baseline Database v21.0 (Dec 2025) via Reclimatize,https://reclimatize.in/india-grid-emission-factor-cea-ccts/,authoritative,Provisional weighted average. Down from 0.727 (FY23-24) and 0.774 a decade prior. Use the CEA version consistently across baseline and reporting year.
India,carbon,Grid emission factor FY 2023-24 (CEA v20.0),0.727,0.727,0.727,tCO2_per_MWh,-,2024,CEA CO2 Baseline Database v20.0 via CarbonNeeti,https://carbonneeti.com/blog/cea-grid-emission-factors-explained,authoritative,CCTS baseline year. Keep for back-comparison.
India,yield,Typical daily specific yield,4.0,4.5,5.0,kWh_per_kWp_per_day,-,2026,MEDA GCRT FAQ,https://www.mahaurja.com/gcrt/download/faq.pdf,authoritative,State agency rule of thumb. Sanity check only - use PVGIS hourly for the actual site.
UK,capex,PV installed cost residential 4-5 kWp,1400,1600,1800,per_kWp,GBP,2026,Solar Panels for Businesses UK cost guide,https://solarpanelsforbusinesses.co.uk/solar-panel-costs/,installer-marketing,Same source notes commercial buys a 30-45% per-kW discount over residential.
UK,capex,PV installed cost commercial 30 kWp,1000,1100,1200,per_kWp,GBP,2026,APN Solar commercial cost guide,https://www.apnsolar.co.uk/commercial-solar-costs,installer-marketing,Small commercial. Fixed costs (scaffolding design DNO application) dominate at this size.
UK,capex,PV installed cost commercial 50-250 kWp,750,900,1050,per_kWp,GBP,2026,Commercial Solar Panels Installation UK 2026,https://commercialsolarpanelsinstallation.co.uk/commercial-solar-panel-cost/,installer-marketing,Ex-VAT supply and install incl. G99 application and commissioning. Widest agreement band across sources - use as the default commercial figure.
UK,capex,PV installed cost commercial 500 kWp - 1 MWp,650,750,850,per_kWp,GBP,2026,Commercial Solar Panels Installation UK 2026,https://commercialsolarpanelsinstallation.co.uk/commercial-solar-panel-cost/,installer-marketing,Ex-VAT. Quotes materially above 1.20 GBP/W at mid scale usually signal a difficult roof (fragile asbestos steep) or DNO reinforcement.
UK,capex,Battery storage,400,500,600,per_usable_kWh,GBP,2026,Solar Panels for Factories UK cost guide,https://solarpanelsforfactories.co.uk/factory-solar-panel-costs-uk-2025/,installer-marketing,Per usable (not nameplate) kWh. Check depth-of-discharge assumption before comparing quotes.
UK,tariff,Industrial grid electricity price,0.28,0.30,0.32,per_kWh,GBP,2026,Solar Panels for Factories UK cost guide,https://solarpanelsforfactories.co.uk/factory-solar-panel-costs-uk-2025/,installer-marketing,Same source puts self-generated cost at 5-7p/kWh over 25 years. Replace with the client's actual contract rate.
UK,tax,VAT on domestic solar installation,0,0,0,percent,-,2026,Spectrum Energy UK cost guide 2026,https://spectrumenergysystems.co.uk/articles/solar-panel-installation-cost-uk-2026/,installer-marketing,Zero-rated for domestic. Commercial prices quoted ex-VAT - do not double-count.
UK,tax,Annual Investment Allowance first-year relief,19,22,25,percent_of_capex,-,2026,Commercial Solar Panels Installation UK 2026,https://commercialsolarpanelsinstallation.co.uk/commercial-solar-panel-cost/,installer-marketing,Effective value depends on the company's corporation tax rate. Model as a year-1 cash inflow.
UK,carbon,Grid emission factor (DEFRA 2026),0.131,0.131,0.131,kgCO2e_per_kWh,-,2026,UK Government GHG Conversion Factors 2026 via GreenCalculus,https://greencalculus.com/data/grid-electricity-emission-factors/,authoritative,Location-based Scope 2 CO2e. Down from 0.177 (DEFRA 2025) and 0.207 (DEFRA 2024). SECR-regulated entities must use DEFRA not Ember.
UK,layout,Roof area per kWp on a flat roof,6,7,8,m2_per_kWp,-,2026,nu.energy commercial cost breakdown,https://nu.energy/blog/commercial-solar-panel-costs-uk-price-breakdown,installer-marketing,Accounts for row spacing and maintenance access. Useful cross-check on the packing routine output.
UK,layout,Module footprint 550 W commercial panel,2.8,2.8,2.8,m2_per_module,-,2026,Commercial Solar Panels Installation UK 2026,https://commercialsolarpanelsinstallation.co.uk/commercial-solar-panel-cost-per-square-foot/,installer-marketing,Replace with the actual module dimensions from the pvlib CEC database - this row is a fallback only.
all,finance,Module degradation,0.40,0.50,0.60,percent_per_year,-,2026,Solar4Good commercial cost guide,https://solar4good.co.uk/blogs/commercial-solar-cost-uk-2026/,installer-marketing,Source recommends specifying <0.50%/yr modules. Tier-1 warranties typically guarantee 0.4-0.55%.
all,finance,Project life,25,25,25,years,-,2026,Industry convention,,convention,Standard PV appraisal life. Not a citation - stated as a modelling convention in the assumptions table.
all,finance,Discount rate,,,,percent,-,,User input,,gap,"No defensible default across three markets with different costs of capital. Must be a user input. Suggest surfacing UK 6-8%, India 10-12%, UAE 7-9% as prompts only."
all,finance,Tariff escalation,,,,percent_per_year,-,,User input,,gap,Highly market and contract specific. Leave blank and require entry - a wrong escalation assumption dominates 25-year NPV more than any capex figure here.
all,losses,Soiling loss Gulf climate,,,,percent,-,,Not sourced,,gap,"Installer sources claim 15-25% if cleaning is neglected entirely, which is an upper bound not a design value. Replace with a citation from QEERI Qatar or Masdar published soiling studies before this drives any recommendation."
